name,substitute1,substitute2,substitute3
abvida-m 50mg/1000mg eazy glide tablet,,,
acamprol tablet,duacam 333mg tablet,acmacal 333mg tablet,sanprol 333mg tablet
ace proxyvon th 4 tablet,bakwel-ap tablet,fense th tablet,anaflam th  4  tablet
ace-proxyvon cr tablet,,,
acetik-hc ear drop,,,
acidose 500mg tablet,nodosis tablet,audosis tablet,sodinor 500mg tablet
aciloc injection,nicotac 25mg injection,aztec 25mg injection,lantac 25mg injection
acnay gel,acnetoin gel,clintok n gel,acnesol-nc gel
acnedap plus gel,acnewar plus gel,,
acnesol 1% solution,corclin lotion,clinch lotion,clivazit 1% lotion
acnesol a nano gel,nayzit gel,cutiwel gel,nioclean ad gel
acnetor ad gel,nayzit gel,cutiwel gel,nioclean ad gel
act nvp tablet,doxyla b6 10mg/10mg tablet,q dox 10mg/10mg tablet,doxal 10 mg/10 mg tablet
adhair 2% solution,hairjoy 2% solution,hair 4u 2% solution,stonark-2 ax solution
aditop c gel,nayzit gel,nioclean ad gel,acnesol a nano gel
adp 5mg tablet,amlip 5 tablet,avacard 5mg tablet,amcard 5 tablet
advog 0.3 tablet,voglit 0.3mg tablet,vogliboz 0.3 tablet,vogic 0.3mg tablet
af 400 tablet,force 400 tablet,fole 400mg tablet,fazol 400mg tablet
afogatran 110 capsule,dabimend 110 capsule,dabiac 110mg capsule,dabifib 110 capsule
airz capsule,,,
airz-ff capsule,,,
alecloz 180 tablet,fexofen 180mg tablet,mavifex 180mg tablet,histafree 180 tablet
alerid syrup,cetmac 5mg/5ml syrup,ralcet 5mg/5ml syrup,mast 1 syrup
alersin-total tablet sr,levotac-max tablet sr,monexia al 75mg/5mg/10mg tablet sr,monticope-a tablet sr
alevo 500 tablet,levocef 500mg tablet,levoshan 500mg tablet,lek 500mg tablet
alex cough lozenges sugar free,tossex d 5mg lozenges,,
alex plus paediatric oral drops,coldsoft oral drops,zukamin oral drops,coldest oral drops
alex syrup,respicure-d syrup,torex junior syrup,chericof syrup
alex syrup sugar free,respicure-d syrup,torex junior syrup,chericof syrup
alfoo 10mg tablet pr,alfucal 10mg tablet pr,alfugress tablet pr,emzosin tablet pr
alkamed syrup,citros syrup,alkakrit 1.37gm syrup,citrahil syrup
alkepin odt 50mg tablet,zopizone 50mg tablet,ekloz 50mg tablet,cozapine 50mg tablet
allegra 180mg tablet,fexofen 180mg tablet,mavifex 180mg tablet,histafree 180 tablet
alphadol 1mcg soft gelatin capsule,,,
alpostin 500mcg injection,prostal injection,prostaver 500mcg injection,bioglandin 500mcg injection
altapan-dsr capsule,pentaloc dsr 30mg/40mg capsule,pp set dsr capsule,pantex-d sr capsule
ambrolite cold syrup,respolite syrup,ambrolene syrup,revibrox plus 30mg/5ml syrup
amcard-lp tablet,z-sar-a tablet,zilos-am tablet,neopress am 50mg/5mg tablet
amcrylate bio-adhesive,,,
amiodar 200 tablet,duron 200 tablet,tachyra 200 tablet,art-x tablet
amlodac t 40 mg/5 mg tablet,tytan-am tablet,amlopres tl tablet,telvas-am tablet
amlokem m 5/50 tablet,cymet plus 5 mg/50 mg tablet,metopole-am 5mg/50mg tablet,metosis am 5mg/50mg tablet
amlong a-25 tablet,davaindia amlodipine+atenolol 5mg/25mg tablet,numlo-at 5mg/25mg tablet,amlokos at 5mg/25mg tablet
amlong-a tablet,lupidip-a tablet,amlip at tablet,amlovas-at tablet
amlopres 2.5 tablet,ampine 2.5mg tablet,amcard 2.5 tablet,amlokind 2.5 tablet
amlosafe-ls 5/5 tablet,listril am tablet,aamin l 5mg/5mg tablet,aldo l tablet
amloz at 25 tablet,davaindia amlodipine+atenolol 5mg/25mg tablet,numlo-at 5mg/25mg tablet,amlokos at 5mg/25mg tablet
amoreal cream,amrolstar cream,amrolstar cream,amrosys cream
amoxyclav 375 tablet,moxikind-cv 375 tablet,flemiclav 375 tablet,erox cv 250mg/125mg tablet
amrolstar cream,amrfy xl 0.25% cream,amrosys cream,amrobest cream
amucoe nac tablet,pulmotol tablet,aphyren-n tablet,asmasafe-n tablet
anaflam xp 100mg/325mg tablet,acimol 100 mg/325 mg tablet,topnac p tablet,arflur-p tablet
anclazide-m tablet,glykind-m tablet,cyblex m 80 tablet,glycigon-m tablet
angispan - tr 2.5mg capsule,angistat 2.5 capsule tr,vasovin - xl 2.5 capsule,
angiwell 2.6mg tablet,corcont 2.6mg tablet,nitrobid 2.6mg tablet,iskem gtn 2.6mg tablet
angizaar 25 tablet,cardikare 25mg tablet,zilos 25 tablet,losium 25 tablet
aprezo 20 tablet,,,
aquasol a capsule,,,
aquazide 12.5 tablet,xenia 12.5mg tablet,thiazide 12.5mg tablet,bpzide 12.5mg tablet
aquim pf eye drop,hyloaid eye drop,ultra-moist eye drop,hyane eye drop
arifine 2.5 tablet,aricalm 2.5mg tablet,ariday 2.5 tablet,
arigaba nt 100 tablet,gabapax nt 100 tablet,gabator nt 100 tablet,pentanerv-nt 100mg/10mg tablet
ark 100mg tablet sr,defenac 100mg tablet sr,biovon 100mg tablet sr,dilona 100mg tablet sr
arophyll hd 10mg/120mg/200mg tablet,afm tablet,acebronk mfx 10mg/120mg/200mg tablet,sebnix fm 10mg/120mg/200mg tablet
arvast 40 tablet,razel 40 tablet,rosycap 40 tablet,rosukem 40 tablet
ascoril flu drops,tricold oral drops,cinaryl-af oral drops,alerfri af oral drops
asmygaba-m tablet,novonerve-g tablet,miol g 300 mg/500 mcg tablet,gbm tablet
asmygaba-nt tablet,gabanyt 400mg/10mg tablet,gabathica nt 400mg/10mg tablet,mylamin gn tablet
asthagrip dm tablet,de allergi ab 200mg/5mg/10mg tablet,adnofast dl 200mg/5mg/10mg tablet,bigphylin plus 200mg/5mg/10mg tablet
asthakind-p drops,meddryl oral drops,vizcof-ax oral drops,amrox gt oral drops
asthalin 100mcg inhaler,ventorlin inhaler cfc free,bronkonat 100mcg inhaler,durasal breathaler 100mcg inhaler
asthalin plus expectorant,nakuf ls syrup,cleartuss ls syrup,chericof-ls junior syrup
asthalin respules,asthavent 2.5mg respules,axamol 2.5mg respules 2.5ml,pneumasal 2.5mg respules (2.5ml each)
asunra 400mg tablet,,,
atchol-asp capsule,zivast asp 10 capsule,lipicure-as 75 capsule,atorlip-asp 10 capsule
atm 200 oral suspension,aziitech 200mg oral suspension,azee 200mg dry syrup,azmo 200mg oral suspension
atorec-f tablet,orvas-ft tablet,lipikind-f tablet,zivast-f tablet
auradex 4mg tablet,dexford 4mg tablet,decdan 4mg tablet,dexane 4mg tablet
avastin 400mg injection,krabeva 400mg injection,avangio injection,vegfxta 400mg injection
axcer  90mg tablet,brigrel tablet,xygrel 90 tablet,ticastro 90 tablet
axunil nasal spray,flutirest 27.5mcg nasal spray,filson 27.5mcg nasal spray,flavson 27.5mcg nasal spray
azee 1000 tablet,bactrocin 1000mg tablet,laz 1000mg tablet,azysafe 1000mg tablet
azee 200mg dry syrup,spazit suspension,azimox 200mg oral suspension,uber 200 oral suspension
azicip 500 tablet,azax 500 tablet,zady 500 tablet,cazithro 500mg tablet
azmarda 50mg tablet,sacurise 50 tablet,arney 50 tablet,sacuval 50 tablet
azobril cream,zelik cream,exazel 15% cream,azespot 15% cream
aztor 40 tablet,atchol 40 tablet,lipikind 40 tablet,atorsave 40 tablet
azulix 1 mf forte tablet pr,duopil 1 forte tablet pr,walaphage g 1 forte tablet pr,glimestar-m1 forte tablet pr
azulix 4 mf forte tablet pr,diapride m4 forte tablet pr,glador m4 forte tablet pr,glycomet-gp 4 forte tablet pr
azulix mv 2/0.2 tablet sr,metsmall gv 2 tablet sr,voglibite-gm 2 tablet sr,glyciphage-vg2 tablet sr
babygesic 125 oral suspension,migpar 125mg oral suspension,pandon 125mg oral suspension,t-98 paediatric suspension
benadryl syrup,odaril syrup,tussberry-n syrup,new brethese syrup
bencid tablet,,,
beta 50mg tablet,ozoten 50mg tablet,hipres 50 tablet,obeta 50mg tablet
betacap tr 40 capsule,,,
betagel,,,
betnesol oral drops,densol oral drops,alerkim oral drops,benicort 0.5mg oral drops
bidin ls eye drop,bmd eye drop,albrim ls eye drop,brimosoft eye drop
bigomet sr 500 tablet,scodia sr 500 tablet,metsmall 500 tablet sr,mefomin 500 sr tablet
bioclar 250mg tablet,c cin 250mg tablet,clarigard  250 tablet,clarithro 250mg tablet
biodens hair lotion,aga lotion,arodil forte lotion,topinex 5% lotion
biodib 15 tablet,pioshine 15mg tablet,piotaz 15mg tablet,pioride 15mg tablet
biopron 4mg tablet,lupactin 4mg tablet,pep on 4mg tablet,app up 4mg tablet
boostrix vaccine,,,
brezvent-ls cough syrup,ambrodil-lx syrup,zerotuss xp syrup,capex ls syrup
bro-zedex ls drops,levokof oral drops,coffact-s drop,nosicold ls oral drops
d flour tablet,nunaf tablet,,
d-gen 2k softgel capsule,aqua d3 2k soft gelatin capsule,,
defcort 18 tablet,advacort 18mg tablet,enzocort 18mg tablet,z cort 18mg tablet
dencross scalp lotion,af-k lotion,konaz zp lotion,nuforce anti dandruff lotion
dentogel liquid,,,
depranex 5 tablet,s-celepra 5 tablet,joycom 5 tablet,renopram 5mg tablet
dericip retard 150 tablet pr,,,
deriphyllin injection,delin 84.7mg/25.3mg injection,etobrosmin 84.7mg/25.3mg injection,regaphylline injection
deriphyllin tablet,graphyllin tablet,zeriphylline tablet,euroder 77mg/23mg tablet
dermitop lotion,cutizone lotion,nidsone lotion,metos 0.1% lotion
deys milk of magnesia liquid ice cream,,,
dianorm 80mg tablet,glycigon tablet,reclide tablet,diagli 80mg tablet
diapride m 0.5mg/500mg tablet pr,hmet-g 0.5 tablet pr,zoryl m 0.5 tablet pr,glimy m 0.5 tablet pr
digecaine oral gel fruit punch sugar free,,,
digihaler sf 250 inhaler,combiwave sf 25 mcg/250 mcg inhaler,salflute 250 inhaler,flutidin s 25mcg/250mcg inhaler
dilnip-trio tablet,telmikind trio 40mg/10mg/12.5mg tablet,cilnep-trio tablet,cilaht trio 40mg/10mg/12.5mg tablet
dimol 40 tablet,,,
dinace 2.5 tablet,nopark 2.5mg tablet,epsnorm p 2.5 tablet,procydin 2.5 tablet
diproex er 250 tablet,vtrey-er 250 tablet,divalneuro 250mg tablet er,divalid 250mg tablet er
divalpro xr 250 tablet,divaril-xr 250 tablet,divay od 250mg tablet pr,divamas xr 250 tablet
diziron d tablet md,cidim 20mg/40mg tablet md lemon,spinaxe tablet md,diziwell tablet md
doberol capsule,eflo 500mg capsule,swift 500mg capsule,cabisyl 500mg capsule
dobutam 250mg injection,cardigen injection,dobucef 250mg injection,doburan 250mg injection
dolcet-al tablet,fedcet-a tablet,alervo am 5mg/60mg tablet,luzer-a 5mg/60mg tablet
dolcet-al tablet,fedcet-a tablet,alervo am 5mg/60mg tablet,luzer-a 5mg/60mg tablet
dolowin-sr tablet,topnac 200mg tablet sr,kindac 200mg tablet sr,ultranac 200mg tablet sr
donecept m tablet,denjil-plus tablet,depzil plus 5mg/5mg tablet,larentine d 5mg/5mg tablet
doxoril 650 tablet sr,,,
dr 4 tablet,orthopro tablet,,
duoclin-b gel,aclind bp 2.5% gel,tyret b 1% gel,clin bpo gel
e-vir tablet,entavir 0.5mg tablet,entarica 0.5 tablet,hepalo 0.5 tablet
ebal 20 tablet,ebay 20 tablet,sibastin tablet,ebtin 20mg tablet
ebernet lot,eberfine cream,eberfun cream,ebspor cream
ebspor cream,eberfine cream,eberfun cream,eberfine cream
ed save tablet,tafil tablet,ttab 5mg tablet,tadablis 5mg tablet
eflo 0.1% eye ointment,,,
efnocar 20 tablet,,,
eldicet tablet,,,
elfolin plus tablet,,,
eltroxin 75mcg tablet,thyrocip 75mcg tablet,thyroactiv 75 tablet,thyrofit 75 tablet
embeta xr 50 tablet,abmetop 50 xl tablet,bloxil 47.5mg tablet er,zenmet xl 50 tablet
emeset 4 tablet,ondenset 4mg tablet,ondoc 4mg tablet,vegas 4mg tablet
emeset 8 tablet,ondanz 8mg tablet,ondai 8mg tablet,onsett 8mg tablet
emeset injection 2ml,otron 4mg injection,neomit 4mg injection,ondar 4mg injection
enam 10 tablet,enalap 10mg tablet,converten 10mg tablet,tenam 10mg tablet
encelax syrup,eva q syrup,lacsyp  syrup,gutclear syrup
enclex 40 injection,enoxsave 40mg injection,bruparin 40 injection,floparin 40mg injection
enoxatroy 40mg injection,enoxsave 40mg injection,bruparin 40 injection,cutenox 40mg injection
enpred eye drop,visipred 0.05% eye drop,dypred eye drop,optipred eye drop
enzigest 25000 capsule,panzymax 25000 capsule,encremin capsule,creafine 25000 capsule
enzoflam sv  tablet,edinase  tablet,afdiflam tablet,jubiflam tablet
enzoflam-ct tablet,k-trip forte tablet,chymapra tablet,zymoral-ds tablet
epilive 500 tablet,levepsy 500 tablet,levefree 500mg tablet,seiz-free 500 tablet
episert cream,sertaspor cream,sertaspor cream,ibisert 2% cream
epival tablet,navalin 200mg tablet,arkaval 200mg tablet,valtec 200mg tablet
eptoin injection,eptokind 50mg/2ml injection,celetoin 50mg/2ml injection,phenykem 50mg/2ml injection
eritel-ch 80 tablet,cresar ct 80 tablet,weltelmi ct 80mg/12.5mg tablet,temsan 80 ct tablet
escitalent 5 tablet,joycom 5 tablet,s-celepra 5 tablet,renopram 5mg tablet
esiflo 250 transhaler,,,
esiflo 500 transcaps,,,
eslo-tel 2.5mg tablet,dalcert a 40mg/2.5mg tablet,rapisart a 40mg/2.5mg tablet,demtel-am 40mg/2.5mg tablet
esmozole dsr capsule,esium d capsule sr,yees-d capsule sr,esmogud d 30mg/40mg capsule sr
esofag 40 tablet,esocul 40mg tablet,4ph 40mg tablet,esofine 40 tablet
espidase 10mg tablet,kleezen 10mg tablet,stardase 10mg tablet,serdase 10mg tablet
espin-at tablet,esloza at 2.5mg/50mg tablet,amlosea-a tablet,ildomex-at tablet
ethamcip 500 tablet,kloty 500mg tablet,cetham 500mg tablet,rc nova 500mg tablet
etoford 90 tablet,etos 90 tablet,brutaflam 90mg tablet,etocox 90 tablet
etoford mr 60mg/4mg tablet,etoro th 60mg/4mg tablet,brutaflam-mr 4 tablet,etolab mr 60mg/4mg tablet
etogesic er tablet,freeup 600mg tablet er,musran er 600mg tablet,etofix 600mg tablet er
etoriflex-mr4 tablet,retoxib mr 60mg/4mg tablet mr,etrosun 60mg/4mg tablet mr,tryptospaz 60mg/4mg tablet mr
etoroxi 120 tablet,coxnuro 120mg tablet,etonow 120 tablet,etosaid 120 tablet
etosys-mf tablet,redotrex mf 500mg/250mg tablet,clip mf tablet,tranlok-m tablet
etova 200 tablet,vodolac 200 tablet,etostin tablet,
etova-mr 400/4 tablet,etogen-mr tablet,etomight mr 400mg/4mg tablet,etulac th 400mg/4mg tablet
eubri eye drop,vista ha eye drop,softvisc 0.1% lubricant eye drop,lupi-ha eye drop
euclide m 60 od tablet er,glizid-m xr 60 tablet,dayclazide-xr mex 60 tablet,xzid m 60mg/500mg tablet er
eurepa 1 tablet,page 1mg tablet,regan 1mg tablet,rapilin 1mg tablet
eurepa-v 1/0.3 tablet,voglinorm-r 1 tablet,repasor v 1mg/0.3mg tablet,volga r 1mg/0.3mg tablet
eutropin 4iu injection,,,
evadiol tablet,esurance tablet,enrifol 2mg tablet,myestra 2 tablet
evict oral solution,lactolook oral solution sugar free,livoluk oral solution,emty oral solution
excex gel,alight plus gel 15gm for acne treatment,nioclean ad gel,acnesol a nano gel
exermet gm forte 2 tablet pr,glimestar-m2 forte tablet pr,glimital m2 forte tablet pr,glimisave m2 forte tablet pr
extralast tablet,sensape 30mg tablet,dapstar 30mg tablet,long drive 30mg tablet
eyemac eye drop,wat-r eye drop,just tears eye drop,takfresh eye drop
ezanic 20% cream,azac 20% cream,exazel 20% cream,dermac 20% cream
fabiflu tablet,fluguard tablet,araflu 200mg tablet,cipvir 200mg tablet
fapvir tablet,fluguard tablet,araflu 200mg tablet,cipvir 200mg tablet
feboxa 80 tablet,fubox 80 tablet,fbx 80 tablet,febubest 80 tablet
febrex 500mg tablet,t-98 tablet,calpol 500mg tablet,pacimol 500 tablet
febs tablet,febutax 40 tablet,febuday 40 tablet,feboxa 40 tablet
febuset 80 tablet,fubox 80 tablet,fbx 80 tablet,febubest 80 tablet
fenceta plus 100mg/162.5mg suspension,bren plus 100 mg/162.5 mg suspension,dolofen suspension,p k 100mg/162.5mg suspension
fenixa 180 tablet,fexofen 180mg tablet,histafree 180 tablet,fexokro 180 tablet
fevago ds suspension,brikamol oral suspension,krinmol oral suspension,tatramol 250 oral suspension
fever-x tablet,t-98 tablet,calpol 500mg tablet,pacimol 500 tablet
fexolife 180 tablet,fexofen 180mg tablet,mavifex 180mg tablet,histafree 180 tablet
fiasp 100iu/ml solution for injection,fiasp flextouch,,
fibator 20 tablet,,,
fiberlact granules,samfibre granules,laxiza,lactihusk  granules
fibricor injection,,,
finap tablet,fintross 1mg tablet,finacet 1mg tablet,fine 1 tablet
fintrix tablet,terbinaforce tablet,terbest tablet,lamifin tablet
flosoft eye drop,fluroide eye drop,flumet eye drop,flurostar eye drop
flucold af oral drops,jaldos 2mg/ml/5mg/ml oral drops,rexotril oral drops,nozitis oral drops
flucos 400mg tablet,af 400 tablet,flucus 400mg tablet,fluzil 400mg tablet
flucos dt 50 tablet,faze 50mg tablet dt,funnie 50mg tablet dt,trucand 50mg tablet dt
flumet 200mg tablet,eselcon 200mg tablet,fole 200mg tablet,nixican 200 tablet
folitrax 7.5mg injection,,,
foracort 200 autohaler,,,
formonide 400 respicaps,airforu fb 400 dpi capsule,vent fb 6 mcg/400 mcg capsule,pulmosmart 400 pulmicaps
formosone 250 respicap,,,
fulviglen 250mg injection,celvestrant pfs injection,fulvira 250mg injection,faslomax 250mg injection
fungeeheal 100 capsule,canditz capsule,itralase 100 capsule,itracan 100mg capsule
fungicip 150mg tablet,fluzol 150mg tablet,fluka 150 tablet,fungiset 150mg tablet
fungikem 100 capsule,canditz capsule,itralase 100 capsule,itracan 100mg capsule
fusiwal b cream,fusidil b cream,fuson b cream,fusee-b cream
fusiwal ointment,futop ointment,fusikab 2% ointment,fusiper ointment
fuzinix cream,fusicare cream,sudif cream,ufisid cream
g.b.h.c soap,gama cute 1% soap,megascab soap,
gaba-hosit tablet,novonerve-g tablet,miol g 300 mg/500 mcg tablet,gbm tablet
gabacure gel,gabaquil gel,sentidor gel,gaba gel
gabaneuron nt tablet,gabort n 300mg/10mg tablet,oligab nt 300mg/10mg tablet,krisgaba nt 300mg/10mg tablet
gabantip at 100 tablet,gabatryp ls 100mg/10mg tablet,amigatin ls 100mg/10mg tablet,gabtan-at ls tablet
gabawin 25 tablet,scribnor 25mg tablet,veintree 25mg tablet,dpnp 25mg tablet
gamma i.v. 5gm infusion,igwok solution for infusion,emglobulin 5% solution,globucel solution for infusion
gapitas-l gel,gabaquil gel,sentidor gel,gaba gel
gasowel plus syrup,croon o syrup,acidip s syrup,megaxe syrup
gatilox dm sterile eye drops,,,
gb 29 1500mcg/75mg tablet sr,dewmylin m tablet sr,axinerve-p tablet sr,gabasafe plus  sr 75 tablet
gcolate 1mg tablet,,,
genevac-b paediatric injection,hepatitis b vaccine pediatric,elovac-b 10mcg injection,shanvac-b paediatric 10mcg injection
gental cream,gentamycin cream,merigenta 0.1% cream,supragent cream
genteal eye drop,artificial tears bp eye drop,lacryl eye drop,cmph eye drop
gepride m 1 forte tablet sr,glimcloud-m1-1000 sr tablet,glimicon-plus tablet sr,homoglim m 1mg/1000mg tablet sr
gepride m 3 tablet pr,glycomet-gp 3/850 tablet pr,glimisave m3 850 tablet pr,metafort-g 853 tablet pr
gerbisa suppository,julax sp 10mg suppository,hallens-b 10 suppository,
gestmate sr 200 tablet,okigest sr 200 tablet,nidagen -sr 200 tablet,algest sr 200 tablet
gestofit 100 soft gelatin capsule,abcure 100mg soft gelatin capsule,sugesterone 100mg soft gelatin capsule,oraprog 100mg soft gelatin capsule
gestofit 200mg sr tablet,endogest 200 sr tablet,macgest sr 200 tablet,prolutax 200mg tablet sr
gestofit 300mg sr tablet,miprogen 300mg tablet sr,seacure sr 300 tablet,proceive sr 300 tablet
glimaday-forte 3 tablet pr,glimivance m forte 3mg/1000mg tablet pr,diapride m3 forte tablet pr,glador m3 forte tablet pr
glimchek m 2mg/500mg tablet,glimtab-m 2mg/500mg tablet,metsurge-g 2mg/500mg tablet,glimetone m tablet
glimestar-m1 forte tablet pr,duopil 1 forte tablet pr,walaphage g 1 forte tablet pr,glimital-m1 forte tablet pr
glimiprex mf forte 1 tablet pr,walaphage g 1 forte tablet pr,glimestar-m1 forte tablet pr,glimital-m1 forte tablet pr
glimser-p1 tablet sr,ziglim plus 1 tablet sr,triglynase 1 tablet sr,dailyglim pm 1 tablet sr
gliptagreat m 1000 tablet,vilshine m 1000mg/50mg tablet,vilmax-m 1000 tablet,viltrack m forte 1000mg/50mg tablet
gliptagreat m 500 tablet,glitame-m 500mg/50mg tablet,xilda-m 500mg/50mg tablet,viltrack m 500mg/50mg tablet
glitaris 15 tablet,dione 15mg tablet,pioshine 15mg tablet,piotaz 15mg tablet
glitaris 30 tablet,k-pio 30 tablet,piowa 30mg tablet,peeline 30mg tablet
glucobay 50 tablet,acartex 50 tablet,k carb 50mg tablet,glutiro 50mg tablet
gluconorm g2 d tablet sr,,,
gluconorm pg 2 forte tablet sr,glimfirst mp forte 2 mg/1000 mg/15 mg tablet sr,vrimet forte glp 2mg/1000mg/15mg tablet sr,pioz mf g 2 forte tablet sr
gluconorm-g 0.5 forte tablet pr,,,
gluconorm-g 0.5mg/500mg tablet pr,gemer 0.5 tablet pr,hmet-g 0.5 tablet pr,zoryl m 0.5 tablet pr
glucored forte 850 tablet,dilept 5mg/850mg tablet,clamet forte tablet,bencomet plus 5mg/850mg tablet
glucotim la eye drop,theot eye drop,timolet gfs 0.5% eye drop,
glybovin 1.25mg tablet,,,
glycinorm total 30 tablet sr,dayclazide total 30mg/15mg/500mg tablet sr,reclimet-pg 30 tablet sr,bytey total 30mg/15mg/500mg tablet sr
glyciphage sr 500mg tablet,scodia sr 500 tablet,metsmall 500 tablet sr,mefomin 500 sr tablet
glycomet 250 tablet,d met 250mg tablet,diafer 250mg tablet,bigomet 250 tablet
glycomet tablet,okamet 500 tablet,etformin 500mg tablet,bigomet 500 tablet
glynase-mf tablet,glipin mf tablet,dibizide-m tablet,diacon m 5 mg/500 mg tablet
glypride 1 tablet,ziglim 1 tablet,euglim 1 tablet,glimestar 1 tablet
glytrin tablet,dynaglipt tablet,tenlimac tablet,megagliptin tablet
goldclav 625 tablet,vindclav 625 tablet,iatromox cv 500 mg/125 mg tablet,moxikind-cv 625 tablet
gonal-f 300iu solution for injection,,,
goodmorn tablet,gomo tablet,doxyla b6 10mg/10mg tablet,doxal 10 mg/10 mg tablet
goodova-l tablet,fertolet tablet,letero tablet,caditraz 2.5mg tablet
grenil 5mg/250mg suspension,athdom p 5 mg/250 mg suspension,domcet suspension,
grewit 5% solution,minoxy 5% solution,rootz-m5 solution,mnx 5 solution
gtn spray,,,
gudlax-plus laxative peppermint sugar free,evacmore oral suspension,volact oral suspension,pecul plus oral suspension
halobet cream,halosol cream,haloderm cream,halostar cream
halobet s ointment,hevobet-s ointment,haloderm s ointment,cortinix-s ointment
halotop-s lotion,halonext 3s lotion,halox s lotion,halovate-s lotion
halox s lotion,halonext 3s lotion,halovate-s lotion,halotop-s lotion
hatric syrup,grilcet 2.5mg syrup,zucet syrup,1-al syrup
healex plus spray,,,
hepabsv 100iu injection,prohbig 100iu injection,hepabig 100 iu injection,plasmahep 100iu injection
herpival 1000mg tablet,abivela 1000mg tablet,valamac 1000mg tablet,valcitero 1000mg tablet
hexolip 500 tablet,,,
hh linctus junior syrup alcohol free,ambrodil-d junior syrup,supresmax c syrup,salmodil-dx syrup
hh salic lotion,,,
hh salic ointment,,,
hh salic ointment,,,
hhcepo-cv tablet,cefoprox cv 325 tablet,zipod cv 200mg/125mg tablet,microcef-cv 200 tablet
hhderm cream,,,
hicet tablet,cetrizine tablet,okacet tablet,cetcip tablet
histacross l 10mg tablet,l-cetriver 10 tablet,lcz 10 tablet,imusun 10mg tablet
histo calamine lotion,,,
hp kit,helikit 20mg/500mg/750mg kit,omoxitin kit,ulcikit 20mg/500mg/750mg kit
huminsulin  30/70 solution for injection 40iu/ml,lupisulin m 30 solution for injection 40iu/ml,,
humog 150 injection,reprogon 150iu injection,ivf m  150iu injection,gynogen 150iu injection
humog 75 hp injection,menovul 75iu injection,hmg sp 75iu injection,menosar hp 75iu injection
hydrazide 25 tablet,aquazide 25 tablet,thiazide 25mg tablet,bpzide 25mg tablet
hyla eye drop,vista ha eye drop,soha 0.1% eye drop,lubimoist eye drop
hyla fusion eye drop,hayo eye drop,,
i-tyza capsule,itragen 100 capsule,itralase 100 capsule,canditral 100 capsule
ibilul cream,lulibet cream,luly cream,lulizol cream
iladac l capsule pr,,,
imidil cream,czson cream,clocip cream 15 gm for skin infections,clotrex cream
iminoral 100 capsule,davaindia ciclosporin 100mg capsule,imusporin 100 capsule,panimun bioral 100mg capsule
indclav 625 tablet,amoxyclav 625 tablet,moxikind-cv 625 tablet,moxiforce-cv 625 tablet
indclav bid 228 dry syrup,clavmentin duo dry syrup,xtraclav 200 mg/28.5 mg dry syrup,mpx-cv dry syrup
inderal 20mg tablet,nigrain 20mg tablet,betagem 20mg tablet,signolol 20mg tablet
inditel mx 50 tablet er,telmikind beta 50 tablet er,telvas beta 50 tablet er,macsart beta 50 tablet er
inmecin p 25mg/325mg capsule,,,
inovas f tablet,orvas-ft tablet,lipikind-f tablet,zivast-f tablet
insugen 30/70 solution for injection 40iu/ml,lupisulin m 30 solution for injection 40iu/ml,,
insugen-r 100iu/ml solution for injection,lupisulin r 100iu/ml cartridge,insuman rapid 100iu/ml solution for injection,actrapid hm 100iu/ml penfill
intacoxia 60mg tablet,etocox 60mg tablet,etosaid 60 tablet,etorvel 60 tablet
intacoxia mr 60mg/4mg tablet,etoro th 60mg/4mg tablet,brutaflam-mr 4 tablet,thioquest et 4 tablet
intacoxia p 60mg/325mg tablet,etoford p 60 mg/325 mg tablet,coxstat p 60mg/325mg tablet,etofinity p 60mg/325mg tablet
intaglip-m tablet,xilda-m 500mg/50mg tablet,vilumet 500mg/50mg tablet,viltrack m 500mg/50mg tablet
intasporin powder,nebaspor powder,nebasulf sprinkling powder,
intimacy plus 2 tablet,elogen 0.02 mg/0.15 mg tablet,deso 0.02mg/0.15mg tablet,desolon 0.02mg/0.15mg tablet
ipravent respules 2ml,,,
irivisc liquigel,just tears eye drop,takfresh eye drop,misty eye drop
ismo 20 tablet,isomin 20mg tablet,isonit 20mg tablet,solotrate 20mg tablet
isoin 20 capsule,reznin 20mg capsule,popout 20mg capsule,tretiva 20 capsule
isolin 2mg injection,pacemak 2mg injection,,
isonorm 20 tablet,isonit 20mg tablet,solotrate 20mg tablet,monocard 20mg tablet
isotroin 5 capsule,isotino 5mg capsule,isokon 5mg capsule,isotane 5mg capsule
isryl-m2 tablet sr,astiride-m 2mg/500mg tablet sr,gm -sr2 tablet,laviglim m 2mg/500mg tablet sr
istavel 100mg tablet,sita od 100mg tablet,macsita 100mg tablet,sitanorm 100mg tablet
itracat 200 capsule,canditral 200 capsule,syntran 200 capsule,tinitraz 200 capsule
itral eye/ear drops,,,
itrason 200 capsule,canditral 200 capsule,syntran 200 capsule,tinitraz 200 capsule
itrastar 100mg capsule,itragen 100 capsule,itralase 100 capsule,canditral 100 capsule
itrasys 100 capsule,canditral 100 capsule,syntran capsule,itrafree 100mg capsule
itratuf oral solution,,,
itrazole 100 capsule,itragen 100 capsule,itralase 100 capsule,canditral 100 capsule
itromed 100 capsule,itragen 100 capsule,itralase 100 capsule,canditral 100 capsule
ivecop 6 tablet,ermect 6mg tablet,tinbest 6mg tablet,tinver 6mg tablet
ivepred 1000mg injection,philpred 1000mg injection,elopred 1000mg injection,ecopred 1000mg injection
iversafe cream,velmect cream,ibies 1% cream,iverkil 1% cream
iverscab 12mg dispersible tablet,evamet 12mg tablet dt,iverstar 12mg tablet dt,evimectin 12mg tablet dt
izra-l capsule sr,esmopex-l capsule sr,isozole-l capsule sr,impraz l capsule sr
jalra 50mg tablet,vildanat tablet,vilatin tablet,glipy tablet
jointace dn tablet,glucozone  tablet,ostovit dm  tablet,g-cerin tablet
joten m tablet,tenespec m 500mg/20mg tablet,teninef-m 500mg/20mg tablet,tenewohn m 500mg/20mg tablet
jubiflam plus tablet,seradic-plus tablet,umanoflam-d tablet,coevitenz  -d tablet
kansel -ds lotion,,,
ketanov 10mg tablet,ketopher 10mg tablet,cadolac 10mg tablet,ketoscan 10mg tablet
ketofast shampoo,ketoscalp shampoo from leeford for antifungal infections,z-ketocare shampoo,danclear  shampoo
ketoneph tablet,nefrosave keto tablet,ketodel tablet,ketomega tablet
ketral  2% scalp solution,ketosa solution,ketonol scalp solution,konaz solution
kevon lotion,keticon lotion,senee tv lotion,ketotar lotion
kinpride tablet,acepride 1mg tablet,cintazide 1mg tablet,mogit 1 tablet
klm-d3 nano drops,bon-d3 oral drops,hibone-d oral drops,
kofover expectorant raspberry strawberry,,,
kombiglyze  xr 5mg/1000mg tablet,,,
ktc medicated shampoo,ketokem shampoo,ketoscalp shampoo from leeford for antifungal infections,z-ketocare shampoo
kyrah tablet,deso 0.03mg/0.15mg tablet,destrogen 0.03 mg/0.15 mg tablet,intimacy plus 0.03 mg/0.15 mg tablet
kz dusting powder,keto dusting powder,danzol dusting powder,keteen dusting powder
l-bakterie oz oral suspension,letflox oz oral suspension,leviox oz oral suspension,livospark-oz oral suspension
lacarnit 330 tablet,nucarnit tablet,,
lacom-cv 625 tablet,penciclav 500 mg/125 mg tablet,themiclav 500mg/125mg tablet,moxikind-cv 625 tablet
lacripex eye drop,lavotears gel,lubistar 0.5% eye drop,lacrimos 0.5% eye drop
lactifiber  granules,samfibre granules,laxiza,smuth fiber
lamifin -forte tablet,fintrix 500 tablet,abinex 500 tablet,texiford 500mg tablet
lamitor dt 25 tablet,lamikon 25mg tablet dt,l g 25mg tablet dt,lamidus 25mg tablet dt
lamitor dt 50 tablet,epilam 50mg tablet dt,lamictin 50mg tablet dt,lamikon 50mg tablet dt
lamitor od 200 tablet sr,lametec 200 od tablet,ictasure 200mg tablet sr,ji lmt od 200mg tablet sr
lamrest 10 tablet,cirkedian tablet,altonil 10 tablet,restfine 10mg tablet
lapezil 10 tablet,bonzil 10mg tablet,dnp 10mg tablet,alzepil 10mg tablet
larentine d 5mg/10mg tablet,memancad d tablet,pezilus m 5mg/10mg tablet,donetine-m 10 tablet
lasilactone  50 tablet,aldostix 20 mg/50 mg tablet,lactomide 20 mg/50 mg tablet,amifru-s tablet
lasix injection,urix 10mg/ml injection,lasibrace injection,
lasix tablet,frusamide 40 mg tablet,cgfru 40mg tablet,frusenex 40mg tablet
latina rt eye drop,auroprost-rt eye drop,ioprost eye drop,latochek eye drop
lemolate gold  tablet,new hatric 3 tablet,sumo cold tablet,coldnyl-plus tablet
lenalid 5 capsule,lenofect 5mg capsule,lenangio 5mg capsule,lendomy 5mg capsule
leocan 150mg tablet,vinfem 150mg tablet,flunoid 150mg tablet,odicon 150 tablet
levemir 100iu/ml flexpen,,,
levenue 750 tablet,seiz-free 750mg tablet,verocet 750mg tablet,levacetam 750mg tablet
levepsy xr 500 tablet,epilive er 500 tablet,levipil xr 500 tablet,fritolev -xr 500 tablet
levera 250 tablet,seiz-free 250 tablet,levigress 250 tablet,levecad 250mg tablet
levera 750 tablet,seiz-free 750mg tablet,verocet 750mg tablet,levacetam 750mg tablet
levesam oral solution,,,
levolin 1 tablet,,,
levomac 500 tablet,cenquin 500mg tablet,levocef 500mg tablet,levoshan 500mg tablet
levomil 20 capsule er,,,
levotiz tablet,lecope tablet,1-al tablet,levozet tablet
levozet tablet,lecope tablet,1-al tablet,hatric tablet
lignox 2 % a injection,,,
lilituf lotion,lulitez 1% lotion,l-sys lotion,lupizol 1% lotion
lincotus dx  dry cough formula,,,
linid iv 600mg infusion,xolid 600mg infusion,lintran 600mg infusion,lizofix infusion
lipicard-av tablet,orvas-ft tablet,lipikind-f tablet,zivast-f tablet
lipigo f 10 tablet,cardiorostin fb tablet,rosucrest-f tablet,rosubest f tablet
lipirose 20 tablet,consivas 20 tablet,rovio 20 tablet,rosukem 20 tablet
lipril am tablet,listril am tablet,aamin l 5mg/5mg tablet,aldo l tablet
lipvas 20 tablet,lipikind 20 tablet,orvas 20 tablet,liponorm 20mg tablet
lithosun sr tablet,litholent sr 400 tablet,litab-sr tablet,lisr 400 tablet
livial tablet,tibomax 2.5mg tablet,maxtib tablet,tibofem tablet
liviz tablet,livorus  tablet,livodox plus tablet,
lizoforce dry syrup,maxolid ds dry syrup,lizowish dry syrup,lizomed oral suspension
lizomed 300 tablet,,,
lizomed oral suspension,lizoforce dry syrup,maxolid ds dry syrup,lizowish dry syrup
locula 20% eye drop,paristin eye drop,scarmide 20% eye drop,andremide 20% eye drop
loette tablet,florina 0.02mg/0.10mg tablet,premineen l 0.02mg/0.10mg tablet,x-out 21l tablet
lofatin cream,lulipex 1% cream,luly cream,lulizol cream
logidruf shampoo,,,
lomofen plus tablet,lopramide 2mg tablet,lopidus tablet,lopipen 2mg tablet
loprin 75 tablet,cv sprin 75mg tablet,aspidot 75mg tablet,e prin 75mg tablet
lornit 150 tablet,olson 150mg tablet,hepmend 150mg tablet,hepastar 150mg tablet
lornit sachet,samlol sachet sugar free new refreshing,samlol sachet,hepaford granules
losar 25 tablet,zilos 25 tablet,losium 25 tablet,lorsar 25mg tablet
losar beta-h tablet,repalol h tablet,,
losartas 25 tablet,zilos 25 tablet,losium 25 tablet,lorsar 25mg tablet
loteflam eye drop,lotechek eye drop,,
lotemox eye drop,mostika-lp eye drop,moxicule-lp eye drop,kitmox-ld  opthalmic suspension
lovolkem 250mg tablet,levogo 250mg tablet,levoquin 250mg tablet,r flox 250mg tablet
lozivate cream,cortent cream,clobital cream,cortirate cream
lozivate-f cream,clobiderm-f cream,closalve f cream,clotrol f cream
lubimoist eye drop,vista ha eye drop,lupi-ha eye drop,hylowell eye drop
lubrex eye drop,just tears eye drop,takfresh eye drop,misty eye drop
ludura cream,lulipex 1% cream,luly cream,lulizol cream
luliact cream,lulipex 1% cream,luly cream,lulizol cream
lulican cream,lulibet cream,lulipex 1% cream,luly cream
lulilok cream,lulipex 1% cream,luly cream,lulizol cream
lulimac cream,lulibet cream,lulipex 1% cream,luly cream
lulimac lotion,lulitez 1% lotion,l-sys lotion,lupizol 1% lotion
lulimac xl lotion,l-sys lotion,lupizol 1% lotion,lulifin lotion
luliporus cream,lulipex 1% cream,luly cream,lumycan cream
lupicet tablet,ctz tablet,okacet tablet,cetcip tablet
lupigest 100 capsule,naturone 100mg capsule,gesti 100mg capsule,pregcitil 100mg capsule
lupigest sr 300 tablet,miprogen 300mg tablet sr,seacure sr 300 tablet,proceive sr 300 tablet
lupirtin capsule,flupinock capsule,fluproxy 100mg capsule,flupidol 100mg capsule
lupisoz-d capsule sr,odepraz d 30mg/40mg capsule sr,esium d capsule sr,yees-d capsule sr
lupride 4mg injection,gynact m.d 4mg injection,luprorin 4 injection,eurolide 4mg injection
lutica cream,flutistar cream,dayflut cream,flute cream
lymzit 408mg capsule,lymefine 408mg capsule,involym capsule,tetralyme 408mg capsule
lysatone plus syrup sugar free,,,
m-laz tablet,,,
macpod 100-dt tablet,xop 100mg tablet dt,uva cef 100mg tablet dt,zipod 100mg tablet dt
macprox dp 250 tablet,domstal np 250mg/10mg tablet,comig 250 tablet,naprolet d 250mg/10mg tablet
mahacef dry syrup,cefport dry syrup,damfix dry syrup,eldoxime dry syrup
mahaflox 400 tablet,moxigood tablet,m-cin tablet,moxam 400 tablet
mahaflox kt eye drop,moses kt eye drop,pariflam kt eye drop,4 quin kt eye drop
martifur mr 100mg tablet,fura 100mg tablet mr,nitrofan 100mg tablet mr,
materna hmg 150i.u injection,zyhmg 150i.u injection,menodac 150i.u injection,intas hmg 150i.u injection
maxgalin 150 capsule,nuramed 150mg capsule,pregabanyl 150 capsule,recobal 150mg capsule
maxmala  50 capsule,,,
maxvoid 8 tablet,silolax 8mg tablet,sidopac 8mg tablet,prostasil 8 tablet
mazetol sr 300 tablet,zen retard 300 tablet er,tegrital cr 300 divitabs,
me-pr capsule,gabamax 75mg capsule,mahagaba-m 75 capsule,pbren-m 75 capsule
mebiz sr capsule,,,
mefomin 1000 sr tablet,metsmall 1000 tablet sr,abomet 1000mg tablet sr,bigomet -sr 1000 tablet
meftagesic-ds suspension,makdol-mf oral suspension mango,mefbay ds oral suspension,kospar-mds oral suspension
meftal-p suspension,mefzan 100mg oral suspension,mefsan 100mg oral suspension,abmef 100mg oral suspension
megacholin pastilles,,,
melalite forte cream,kolite forte cream,reetor cream,hypig cream
menactra vaccine,,,
merislon 6 tablet,besilet 6mg tablet,,
meronem 1000mg injection,merixim 1000mg injection,germero 1000mg injection,carbapen m 1000mg injection
mesacol 800 tablet dr,meslataj dr 800mg tablet,5 aga 800mg tablet dr,mesader 800mg tablet dr
metadoze-ipr 500 tablet sr,confirmin 500mg tablet sr,bigomet sr 500 tablet,scodia sr 500 tablet
metasone plus cream,skinshine cream,elosone-ht cream,skinshine cream
metaspray nasal spray,isomet-m nasal spray,rhine m nasal spray,mozapt 50mcg nasal spray
metatime 1000 xr tablet,glucomate 1000mg tablet xr,metforan 1000mg tablet xr,
methycobal tablet,meco 12 tablet,neurox 500mcg tablet,nervit 500mcg tablet
metmin-a tablet,ovastic m 500mg/200mg tablet,metben plus tablet,cystop-a tablet
metocard xl 12.5 tablet,,,
metocard xl 50 tablet,trubeta 50 tablet pr,betaprime 50mg tablet pr,starpress xl 50 tablet
metolar am  50 tablet,cymet plus 5 mg/50 mg tablet,metopole-am 5mg/50mg tablet,metosis am 5mg/50mg tablet
metomac 50 tablet er,cymet er 50 tablet,abmetop 50 xl tablet,bloxil 47.5mg tablet er
metonce 25mg tablet pr,evimeto 25 tablet pr,trubeta 25 tablet pr,goodolol xl 25 tablet pr
metonce-am 50/5 tablet,cymet plus 5 mg/50 mg tablet,metopole-am 5mg/50mg tablet,metosis am 5mg/50mg tablet
metozox 25mg tablet er,metaprolate xr 25 tablet,restopress 25mg tablet er,metolot 25mg tablet er
metpure -xl 25 tablet,,,
metro pv ointment,providine-am ointment,nestoine m ointment,poviclean ointment
metrogyl-m ointment,,,
metsmall 500 tablet sr,confirmin 500mg tablet sr,bigomet sr 500 tablet,scodia sr 500 tablet
metspot xl 25 tablet,tolol -xr 25 tablet,actiblok ipr 25 tablet,birtrex xr 25 tablet
metzok 25 tablet pr,tolol -xr 25 tablet,tolol -xr 25 tablet,actiblok ipr 25 tablet
mext 15 tablet,mevotrex 15 tablet,dermotrex 15mg tablet,nidtrex 15mg tablet
mhg lotion,,,
mibcal soft gelatin capsule,aeocal max softgel capsule,,
michelle -sr tablet,divagest 300mg tablet sr,fetofine 300mg tablet sr,nidagen -sr 300 tablet
micronac pf eye drop,nepacin eye drop,esnac eye drop,nepastar eye drop
microshield 4% surgical handwash,,,
migiplex 40mg/10mg tablet,betapill forte 40mg/10mg tablet,cenopran-f 40mg/10mg tablet,zeflurin plus 40mg/10mg tablet
mikacin 500mg injection,amilab 500mg injection,acil 500mg injection,emica 500mg injection
minado 500 tablet,solvograin-d 500 tablet,comig 500 tablet,naprosyn d 500 tablet
minilactone tablet,lasidac 20mg/25mg tablet,,
minirin 0.2mg tablet,d void tablet,,
minolox 100 tablet,mclin 100mg tablet,axymin 100mg tablet,minolin 100mg tablet
minolox 50 tablet,minolin 50mg tablet,minop 50mg tablet,mynocyn 50mg tablet
minoxy 2 solution,pylodil 2 solution,hairjoy m 2% topical solution,new hair 4u 2% solution
minoz od 100 capsule mr,,,
minscalp 2% solution,minoxy 2 solution,hairjoy m 2% topical solution,new hair 4u 2% solution
miontizee-l tablet,solitair tablet,lecope-m tablet,monticope tablet
mirabet 25 tablet er,miratas 25 tablet er,blador 25mg tablet er,mirago 25 tablet er
mirbeg-s 50 combo pack,,,
misty eye drop,just tears eye drop,takfresh eye drop,relub eye drop
misty gel,lubrifresh gel,ultra gel eye drop,just tears liquigel
mlobe eye ointment,mosi eye ointment,emfozen 0.5% eye ointment,mo 4 eye ointment
mnc plus capsule,pregacip m capsule,gabamax 75mg capsule,mahagaba-m 75 capsule
mnx 5 solution,minoxy 5% solution,rootz-m5 solution,imxia 5 solution
mnx-forte solution,brintop 10% solution,rootz-m10 solution,imxia 10% solution
mofecon 500 tablet,seromune 500 tablet,mycept 500 tablet,mofetyl 500 tablet
momate-xl cream,mfsone cream,ezimet cream,moniter cream
montair 5mg chewable tablet strawberry,montek 5 chewable tablet,glemont ct 5 tablet,telekast 5mg chewable tablet
montecip lc tablet,solitair tablet,lecope-m tablet,monticope tablet
montina-l tablet,lecope-m tablet,monticope tablet,levocet m tablet
motogram eye drop,vecamox t eye drop,tobhit m eye drop,moxicin t eye drop
moveran gel,unidic-la gel,br gel gel,kiq gel
moxcent 0.3 tablet,hapymox 0.3mg tablet,moxotrin 0.3mg tablet,ifimox 0.3 tablet
moxclav 625 tablet,penciclav 500 mg/125 mg tablet,themiclav 500mg/125mg tablet,moxikind-cv 625 tablet
moxiforce-cv 375 tablet,flemiclav 375 tablet,erox cv 250mg/125mg tablet,mega-cv 375 tablet
moxikind-cv 625 tablet,penciclav 500 mg/125 mg tablet,themiclav 500mg/125mg tablet,moxiforce-cv 625 tablet
moxikind-cv kid tablet,blumox-ca kid tablet 200mg/28.5mg,ulticlav kid tablet,polyclav kid tablet
moximax d eye drop,centaflox dx eye drop,dexcin-m eye drop,moxitak d eye drop
moxivail eye drop,mosi eye drop,moxiblu eye drop,occumox eye drop
mpb 1 tablet,fintross 1mg tablet,fincover 1mg tablet,finacet 1mg tablet
mpot b6 oral solution natural mango sugar free,,,
mucolite sr capsule,,,
mucolite tablet,ambril 30mg tablet,amlyse 30mg tablet,mucorex tablet
mucopain gel,,,
mupidac cream,miprosub cream,mupizer 2% cream,mupitone 2% cream
musaf ointment,t-bact 2% ointment,fricin 2% ointment,b bact ointment
muscobon tablet,,,
mx 2 solution,pylodil 2 solution,minoxy 2 solution,hairjoy m 2% topical solution
mycoderm-nm cream,3 mix cream,bactimax cream,bactimax cream
mycofit-s 180mg tablet dr,,,
mycomune-s 360 tablet,mycept-s 360 tablet,mmf -s tablet,mycosan s 360mg tablet
mymi plus capsule,pregacip m capsule,gabamax 75mg capsule,mahagaba-m 75 capsule
myosam 200 tablet,intasam 200 mg tablet,sampure 200mg tablet,s-methiwave 200 tablet
myotan 40 tablet,zilarta 40 tablet,nexsart 40 tablet,azildac 40 tablet
myotec s 360mg tablet,mycept-s 360 tablet,mmf -s tablet,mycosan s 360mg tablet
nac 50 tablet,dan 50mg tablet,vovo 50mg tablet,vivian 50mg tablet
natrilam 2.5mg tablet sr,,,
navionce eye drop,bromenac eye drop,panbrom eye drop,fenabrom 0.09% eye drop
nebi-am tablet,nevy a 5mg/5mg tablet,nebinex am 5 mg/5 mg tablet,nevelol am 5mg/5mg tablet
nebi-h tablet,nebilol h 5mg/12.5mg tablet,nebizide 5mg/12.5mg tablet,nevol h 5mg/12.5mg tablet
nebicip 2.5 tablet,nebycare 2.5mg tablet,nebesel 2.5mg tablet,nodon 2.5 tablet
nebilong h tablet,nebilol h 5mg/12.5mg tablet,nebizide 5mg/12.5mg tablet,nevol h 5mg/12.5mg tablet
nefrosave keto sachet,keto-halts sachet mango,retroalfa sachet,
neopride tablet,levowave tablet,edride 25mg tablet,sulviz 25mg tablet
neosporin h ear drop,,,
nepaflam eye drop,esnac eye drop,nepastar eye drop,micronac pf eye drop
nepawel eye drop bkc free,esnac eye drop,nepastar eye drop,micronac pf eye drop
nephtor 100 tablet,torsed 100mg tablet,torvigress 100 tablet,manotor 100mg tablet
nervsenz tablet sr,,,
netazox tablet,zstop 500mg tablet,nozoa 500mg tablet,nitarid 500mg tablet
neurofit syrup,nicetam 500mg/5ml syrup,ceretor syrup,memocetam 500mg/5ml syrup
neuromin-m syrup,,,
new hair 4u 2% solution,pylodil 2 solution,minoxy 2 solution,hairjoy m 2% topical solution
new theo-asthalin syrup,,,
nexsart 80 tablet,azilura 80 tablet,zilarta 80 tablet,azildac 80 tablet
nexvenla-od 50  tablet er,unidex 50 tablet er,dvpex 50 tablet er,desveren 50 tablet er
neypac 0.1% eye drop,retonac 0.1% eye drop,nipranac cs 0.1% eye drop,o infla 0.1% eye drop
nicoglow 250mg tablet,,,
nimodip tablet,vasotop 30mg tablet,nimpod 30mg tablet,nimodec 30mg tablet
nizonide oral suspension,nitasafe oral suspension,,
nobel mr tablet,nilpar tiz 100mg/325mg/2mg tablet,tide p 100mg/325mg/2mg tablet,
nodict 50mg tablet,addtrex tablet,naltox 50mg tablet,naltreat tablet
norflox-tz rf tablet,noracin t 400mg/600mg tablet,noxgyl tz 400mg/600mg tablet,zabixin tz 400mg/600mg tablet
norwayz tablet,ideox 45mg tablet,ideben tablet,idebest 45mg tablet
noscab soap,permedin c soap,megascab plus soap,fayocab soap
novacor cream,zincoderm-gm neo cream,cosvate nm cream,comply mn cream
novamox 125 rediuse oral suspension,symoxyl oral suspension,zymox premix 125mg oral suspension,moxvid dry syrup
novastat gold 20 capsule,thankroz gold 20 capsule,rosuless-gold 20mg capsule,rosucrest-gold 20 capsule
novomix 30 100iu/ml penfill,,,
noworm oral suspension,zentic 400mg oral suspension,vermizor oral suspension,albendawin 400mg oral suspension
noxin cream,nadiskin cream,nadim cream,nadicin cream
nucoril 5 tablet,tabnicor 5mg tablet,cordil 5 tablet,nicostar 5 tablet
nucoxia d3 capsule,,,
nuhenz capsule,m cobaren forte capsule,kebal-ultra capsule,
nulong-trio tablet,olmat trio 20 mg/10 mg/12.5 mg tablet,omen trio 20/12.5 tablet,olmenol t 20mg/10mg/12.5mg tablet
numbex cream,asthesia cream,prilido cream,epilido cream
nunaf tablet,otoflour tablet,,
nupenta ls capsule sr,pantafol-sl capsule sr,pansec-l capsule sr,atpent-ls capsule sr
nurocol tablet,strozina 500 tablet,citimac tablet,citimet tablet
nurogab 75 tablet sr,cuprega 75mg tablet sr,dpnp 75mg tablet sr,pgbest-sr 75 tablet
nurogab nt  tablet,neurica nt tablet,pregalift nt tablet,nervite tablet
nurogab nt  tablet,neurica nt tablet,pregalift nt tablet,nervite tablet
nurokind-plus nf injection,od ner injection,mecolus plus injection,methy plus injection
o2 derm cream,,,
ocid l capsule pr,esoplay l 75mg/40mg capsule pr,oesocid-l capsule pr,zosa-l capsule pr
ocona-z lotion,af-k lotion,konaz zp lotion,nuforce anti dandruff lotion
ocuvir 200 dt tablet,acicet 200mg tablet dt,zoylex dt tablet,acloriv 200mg tablet dt
oflokem eye/ear drops,offtex eye/ear drops,ofloxamac eye/ear drops,offmark eye/ear drops
oflokem oz tablet,orni-o tablet,oflotas-oz tablet,zorno tablet
okacet cold tablet,evercold plus 5mg/325mg/10mg tablet,bio cc 5mg/325mg/10mg tablet,cheston cold tablet
okacet cold total tablet,loset plus 5mg/5mg/325mg tablet,allercof 5mg/5mg/325mg tablet,axicold l tablet
olan 10 tablet,olip 10mg tablet,olenix 10mg tablet,elanza 10mg tablet
olan 5 tablet,movapin 5mg tablet,olapil 5mg tablet,olip 5mg tablet
oleanz 2.5 tablet,olanet 2.5mg tablet,meltolan rd 2.5mg tablet,cgpine 2.5mg tablet
olimelt 15 tablet,oanmelt 15mg tablet,lanopin 15mg tablet,olip 15mg tablet
olkem 20 am tablet,olmetime-am 20 tablet,olvas-am tablet,olsertain-am tablet
olkem 40 ct tablet,olmat 40 ct tablet,olmetrack ct 40/12.5 tablet,olmark ct 40 tablet
olmark-ah tablet,olmetime-amh 20 tablet,omnipres 20 amh tablet,olmewon plus 20 mg tablet
olmark-h tablet,olmetime-h 20 tablet,olsertain-h -20 tablet,olmin 20-h tablet
olmark-h tablet,olmetime-h 20 tablet,olsertain-h -20 tablet,olmin 20-h tablet
olmax 40 tablet,olsertain 40 tablet,olmetime 40 tablet,olmesafe 40 tablet
olmax-am tablet,olmetime-am 20 tablet,olvas-am tablet,olsertain-am tablet
olmetime-ct 20 tablet,olmat 20 ct tablet,olmark ct 20 tablet,olsar ch 20mg/12.5mg tablet
olmetime-h 40 tablet,olsertain-h 40 tablet,olmecros h 12.5mg/40mg tablet,olmesafe h 12.5mg/40mg tablet
olmezest h 20 tablet,olmetime-h 20 tablet,olsertain-h -20 tablet,olvas-h tablet
olmighty am tablet,olvas-am tablet,olsertain-am tablet,olmetor am tablet
olmin 20-ch tablet,olmezen ch 20mg/12.5mg tablet,olmat 20 ct tablet,olmark ct 20 tablet
olmy-a tablet,olmetime-am 20 tablet,olvas-am tablet,olsertain-am tablet
olmy-d 40 tablet sr,,,
olo 1 eye drop,olodin eye drop,olotak eye drop,rapidon eye drop
olvance m 50 tablet,olsavas m 20 mg/50 mg tablet,oltas m tablet,metspot ol 20 mg/50 mg tablet
omnipres am tablet,olmetime-am 20 tablet,olvas-am tablet,olsertain-am tablet
onabet 2% cream,sertaspor cream,sertaspor cream,sertaspor cream
onbrez 150mcg breezhaler,,,
onco bcg 40mg injection,oncovac vaccine,,
ondero met 2.5mg/500mg tablet,,,
onenac sp 100mg/325mg/10mg tablet,accept-sp tablet,combifenac sp 100mg/325mg/10mg tablet,aceloflam sp tablet
ontears gel drops,misty gel,lubrifresh gel,ultra gel eye drop
opara tablet,arden 1000 tablet,calpol 1000mg tablet,pyrigesic 1000 tablet
optilac eye drop,kemac eye drop,ahlflam eye drop,ked eye drop
oraflora la gel,ulcerfree gel,mugel freshora gel,orogard sg gel
orasep ot mouth paint,mycocid mouth paint,oldid mouth paint,orabest mouth paint
oratil 250mg tablet,zefu 250 tablet,cefakind 250 tablet,pulmocef 250 tablet
orkid-l cream,lulibet cream,luly cream,lulizol cream
ornof tablet,horn o 200mg/500mg tablet,orni-o tablet,oflotas-oz tablet
orogard sg gel,ulcerfree gel,mugel freshora gel,mosiba gel
orthocort 12 tablet,samliza 12 tablet,diascort 12mg tablet,welcoat 12mg tablet
osiris tablet,,,
osteofos 35 tablet,gatofos 35 tablet,bifosa 35 tablet,
otek-ac neo ear drop,chlormycetin ear drop,chloromycetin ear drop,enteromycetin otic ear drop
ovafuze tablet,,,
ovagen 50mg tablet,enova 50mg tablet,fertova 50mg tablet,refert 50mg tablet
ovidine 5% ointment,poviderm 5% ointment,povizen 5% ointment,povicidal 5% ointment
oxcq 300 tablet,dxq 300 tablet,had q 300mg tablet,hqtor 300mg tablet
oxramet xr 10mg/500mg tablet,,,
oxring 300mg tablet,carbamac 300mg tablet,zestol 300mg tablet,oxywiz 300mg tablet
ozomet-pg 2 tablet er,k-pio-gm tablet er,cureglim mp 2mg/500mg/15mg tablet er,tri gmnec 2 tablet er
p2i tablet,topp 40 tablet,panplus 40 tablet,pancare 40mg tablet
pacimol xp tablet dt,admol 500mg tablet dt,dispar 500mg tablet dt,
panbloc tablet,topp 40 tablet,panplus 40 tablet,pancare 40mg tablet
panderm nm cream,clobital nm cream,zincoderm-gm neo cream,cosvate nm cream
panex-cr 25 tablet,pariwave-cr 25 tablet,psydec 25 tablet pr,paroxee cr 25 tablet
panimun bioral 25mg capsule,sandimmun neoral 25mg soft gelatin capsule,sandimmun neoral 25mg soft gelatin capsule,
pansa-d tablet,panplus d20 tablet,pantin rd 10mg/20mg tablet,pentaloc d 10mg/20mg tablet
pantosec d sr capsule,pantoreal-dsr capsule,pantadom-sr capsule,pantakind-dsr capsule
paradise xr 12.5 tablet,parona cr 12.5 tablet,pariwave cr 12.5 tablet,prozet 12.5mg tablet pr
parit tablet,pepcia 20 tablet,rabium 20 tablet,rabicip 20 tablet
parkin tablet,texy tablet,triphen 2mg tablet,ecitane 2mg tablet
parot-cr 12.5 tablet,depixon 12.5 cr tablet,paxiford 12.5mg tablet cr,parox 12.5mg tablet cr
paxidep cr 37.5 tablet,aropax 37.5mg tablet pr,parocen cr 37.5 tablet,pxr 37.5mg tablet pr
penclav 625 tablet,moxiforce-cv 625 tablet,fightox 625 tablet,advent 625 tablet
penegra xpress 50mg tablet,vigore 50 red tablet,sexigra 50mg tablet,stimulo 50 tablet
penidure la 6 injection,benzathine 600000iu injection,,
pentanerv 450mg tablet sr,flygab-er 450 tablet,gabtas 450mg tablet sr,gabapin sr 450 tablet
pentanerv-nt 100mg/10mg tablet,gabyne n 100mg/10mg tablet,gabapax nt 100 tablet,trugaba-nt 100 tablet
pentopan dsr capsule pr,pantoreal-dsr capsule,pantadom-sr capsule,pantakind-dsr capsule
pentowok d tablet,piza-d tablet,panray d tablet,p-len-d tablet
percin tablet,prutis 600mg tablet,pruli ns 600mg tablet,prutop 600mg tablet
perinorm tablet,dysvon 10mg tablet,vominorm 10mg tablet,emenorm 10mg tablet
pernex ac 2.5% gel,cuzoyl 2.5% gel,benzovib 2.5% gel,ronimide 2.5% gel
persil eye drop,,,
pexep cr 25 tablet,parona cr 25 tablet,pariwave-cr 25 tablet,psydec 25 tablet pr
pexpen-cr 25 tablet,oxitine 25mg tablet cr,paxiford 25mg tablet cr,parot-cr 25 tablet
phexin 250mg redisyp banana,,,
phexin 500mg capsule,seafal 500mg capsule,q cef 500mg capsule,equitrol forte 500mg capsule
phlogam tablet,edinase  tablet,afdiflam tablet,jubiflam tablet
pioglar 15 tablet,pioshine 15mg tablet,piotaz 15mg tablet,pioride 15mg tablet
pioglit 30 tablet,piowa 30mg tablet,lita 30mg tablet,peeline 30mg tablet
piokind-m 15 tablet,glito m 15 mg/500 mg tablet,plum mf 15 mg/500 mg tablet,pichromet 15mg/500mg tablet
piptaz 4.5gm injection,cadigard 4000 mg/500 mg injection,pisa 4000 mg/500 mg injection,tazomac 4.5gm injection
pirfenex 600mg tablet,,,
piriton cs syrup,corex dx  syrup,supko dx syrup,bricarex-dx syrup
piriton expectorant,nurex expectorant,,
plagril 75 tablet,clopikind tablet,platloc tablet,clopact 75 tablet
pletoz 100 tablet,cletus 100mg tablet,cistaz 100mg tablet,cilobid 100mg tablet
plosat gm cream,clobital nm cream,zincoderm-gm neo cream,cosvate nm cream
podowart paint,,,
pomalid 2mg capsule,bdpoma capsule,pomavia 2mg capsule,pomalong 2 capsule
pop it capsule sr,pantafol-it capsule sr,itopan 40 mg/150 mg capsule sr,sulflux it 40mg/150mg capsule sr
povidone iodine solution,,,
ppg met 0.2 tablet sr,vozuca-m activ tablet sr,vogs-m 0.2 tablet sr,starvog m 0.2 tablet sr
pramipex 0.25 tablet,remipex 0.25mg tablet,movexol 0.25mg tablet,pramitrem 0.25 mg tablet
pramirol sr 1.05 tablet,,,
pratham 100 rediuse oral suspension,ibithral 100 rediuse oral suspension,g-thro 100 suspension,azilide 100 redimed oral suspension
pregaba 50 capsule,pg 50 capsule,pyrope 50mg capsule,maglin 50 capsule
pregaba nt 75 mg/10 mg tablet,neurica nt tablet,pregalift nt tablet,nervite tablet
pregalin m sr 75 tablet,nervijen-p sr tablet,axinerve-p tablet sr,gabasafe plus  sr 75 tablet
presmovac 2 tablet,deconsti tablet,c2win 2mg tablet,prumed cl 2mg tablet
preva-as 150 tablet,hartcon a 150mg/75mg tablet,clopivas ap 150 tablet,deplatt a 150 tablet
primiwal e2 tablet,esurance tablet,enrifol 2mg tablet,evadiol tablet
proctosedyl bd cream,pileclear cream,anovate cream,
prograf 0.5mg capsule,takfa 0.5 capsule,imunotac 0.5 capsule,olmis 0.5mg capsule
progynova 2mg tablet,esurance tablet,enrifol 2mg tablet,evadiol tablet
prolomet r 25 tablet er,roforil-m 2.5/25mg tablet er,montana r 25mg/2.5mg tablet er,met xl r 25mg/2.5mg tablet
prolox extra strength 10% topical solution,brintop 10% solution,rootz-m10 solution,imxia 10% solution
propyzole nf cream,,,
provanol 10 tablet,peelar 10mg tablet,prop 10mg tablet,propal 10mg tablet
prutrip 25mg tablet,hizet 25mg tablet,hydil 25mg tablet,zyzine 25mg tablet
pulmoday 20mg tablet,pah 20 tablet,esylnafil 20mg tablet,penegra pah tablet
pulmofib 200mg tablet,pirfedo 200mg tablet,pirmax 200 tablet,spiropirf tablet
pyridium 200 tablet,,,
q-mind 25 tablet,qutin 25mg tablet,qutiwel 25mg tablet,quetigress 25mg tablet
q-sap eye ointment,chlodor h eye ointment,biosone-c eye ointment,chlorosun-h eye ointment
r-loc 150 tablet,monoloc 150mg tablet,ranitas 150mg tablet,ranloc 150mg tablet
rabcita dsr capsule,r-rd capsule sr,rabesel d 30mg/20mg capsule sr,rabekind-dsr capsule
rabemac 20 tablet,pepcia 20 tablet,dgrab 20mg tablet,rabium 20 tablet
rabetex 20mg tablet,pepcia 20 tablet,dgrab 20mg tablet,rabium 20 tablet
rabidoc 20 tablet,pepcia 20 tablet,rabium 20 tablet,rabicip 20 tablet
rabitop tablet,pepcia 20 tablet,dgrab 20mg tablet,rabium 20 tablet
rablet 10 tablet,cyra 10mg tablet,rabium 10 tablet,rabonik 10mg tablet
rablet d 40 capsule sr,rabeflam d 30mg/40mg capsule sr,nexanta-hd capsule sr,razo plus d 30mg/40mg capsule sr
rafacol tablet cr,,,
ramihart 5 capsule,saface 5mg capsule,ramil 5mg capsule,ramloz 5mg capsule
ramistar 1.25 tablet,ramichek 1.25mg tablet,hopril 1.25mg tablet,corpril 1.25mg tablet
rancv 1000 tablet er,nefazor 1000mg tablet er,ranozex 1gm tablet er,ranozex 1000mg tablet er
ranidom- rd tablet,,,
rapiclav 375 tablet,moxikind-cv 375 tablet,flemiclav 375 tablet,mega-cv 375 tablet
rapitus ls syrup,saribro-ls syrup,zuter-l syrup,mucoway ls syrup
regaine 2% solution,pylodil 2 solution,minoxy 2 solution,hairjoy m 2% topical solution
rejumet tablet sr,cureformin mc 500mg/750mcg tablet sr,bigomet m  tablet sr,frey-met tablet sr
rejunuron nt tablet,axinerve-np tablet,torner nt 75mg/10mg/1500mcg tablet,nortimax 75mg/10mg/1500mcg tablet
relgin 0.5 tablet,rasagin 0.5mg tablet,afrelect 0.5mg tablet,rasalect 0.5 tablet
relikast lc 5mg/10mg tablet,montina-l tablet,lecope-m tablet,monticope tablet
relinase 0.25mg tablet,halidace 0.25mg tablet,larenase 0.25mg tablet,theonase 0.25mg tablet
relysal lotion,bariderm-s lotion,cambisalic lotion,topsor s lotion
rem cc lm 5 mg/10 mg tablet,montina-l tablet,lecope-m tablet,monticope tablet
remo zen m 100mg/1000mg tablet,reniva-m 1000 tablet,sgltr m 100mg/1000mg tablet,remo m 100mg/1000mg tablet
renocrit 4000iu injection,,,
repace h tablet,zilos-h tablet,lartan h 50mg/12.5mg tablet,cosart-h  tablet
resque 2mg tablet,relivon 2mg tablet,restonorm 2mg tablet,genrest 2mg tablet
restasis ophthalmic emulsion (0.4ml each),,,
retense od tablet er,acronil-od 400 tablet er,,
retino a micro 0.04% gel,trunex ms aqueous gel,tronin ms gel,revize micro 0.04% gel
revici-e 250 tablet,themisylate 250mg tablet,hemodil 250mg tablet,mck e 250mg tablet
revlin m tablet sr,nervijen-p sr tablet,axinerve-p tablet sr,gabasafe plus  sr 75 tablet
rexidin mouth wash,chlodin mouth wash,eludril perio mouth wash,hexidine mouth wash
rexidin srs mouth wash,glyphwash mouth wash,hexiklin 0.2% mouth wash,
rexipra 5 tablet,joycom 5 tablet,s-celepra 5 tablet,renopram 5mg tablet
rhinase nasal drops,,,
rimoflo-t ophthalmic solution,brotim eye drop,btcom eye drop,bromostar-t eye drop
risnia plus tablet md,rinsin plus 3mg/2mg tablet md,kridyl forte tablet md,speridon plus tablet md
rispond plus-ls tablet,risen t 2mg/2mg tablet,riscure ls tablet,don ls 2 mg/2 mg tablet
rizact 5 tablet,migsun 5mg tablet,rizatan 5mg tablet,maxtan 5 tablet
robinaxol d 50 mg/325 mg/500 mg tablet,diclosaid pm 50mg/325mg/500mg tablet,methodec m 50mg/325mg/500mg tablet,unifen mr 50mg/325mg/500mg tablet
ropark 2 tablet,ropiro 2mg tablet,ropeway 2mg tablet,roparil 2mg tablet
roseday-ez tablet,rosubeat ez 10mg/10mg tablet,ojvas ez 10mg/10mg tablet,razel-ez 10 tablet
roseday-gold 20 capsule,rosycap-gold 20/75 capsule,rosycap-gold 20/75 capsule,thankroz gold 20 capsule
rospitril plus 2 tablet,risen t 2mg/2mg tablet,riscure ls tablet,don ls 2 mg/2 mg tablet
rosucia-gold capsule,statpure gold 10 capsule,roseday-gold capsule,preva gold 10 capsule
rosumac f 67mg/10mg tablet,jupiros fl 67 mg/10 mg tablet,rolistat f 10 tablet,rozafin f 67mg/10mg tablet
rosuvas d 10 tablet,consivas d3 tablet,rozon 10d 10mg/1000iu tablet,rosycap d3 10 mg/1000 iu tablet
rosuvas ez 10 tablet,rosubeat ez 10mg/10mg tablet,ojvas ez 10mg/10mg tablet,razel-ez 10 tablet
rozucor 20 tablet,crevast 20 tablet,consivas 20 tablet,rosukem 20 tablet
rozucor gold 20 capsule,consivas gold 20 capsule,rosycap-gold 20/75 capsule,rosycap-gold 20/75 capsule
s citadep 5 tablet,s-celepra 5 tablet,renopram 5mg tablet,escigress 5 tablet
safediclo 20mg/100mg capsule sr,ulcireb-dp capsule sr,gastoseal capsule sr,dicsip rz 100mg/20mg capsule sr
safeova tablet,,,
salen capsule,,,
satrogyl-o tablet,,,
scabcare lotion,g scab lotion,scabinil lotion,linoscab lotion
scaby lotion,nt scab lotion,scabigard lotion,emscab lotion
sclerifuma 240 capsule dr,ms 240 capsule dr,dyfira 240 capsule dr,tecfidera 240mg capsule dr
sebonac gel,,,
sebowash  shampoo,flucitime 0.01% shampoo,pelliwash shampoo,twinsorb shampoo
sefdin dry syrup,cefrine oral suspension,kefdir dry suspension,nornia dry syrup
seizgard 200mg tablet,lacopsy 200 tablet,zolaco 200mg tablet,lacove 200mg tablet
semi amaryl m tablet pr,gemer 0.5 tablet pr,hmet-g 0.5 tablet pr,zoryl m 0.5 tablet pr
sensiclav 625 tablet,moxiforce-cv 625 tablet,fightox 625 tablet,advent 625 tablet
seradic tablet,diser tablet,lupisera d tablet,dicloril 50 mg/10 mg tablet
seradic-plus tablet,fudoshine tablet,umanoflam-d tablet,coevitenz  -d tablet
seroflo 250 inhaler,combiwave sf 25 mcg/250 mcg inhaler,salflute 250 inhaler,flutidin s 25mcg/250mcg inhaler
serta 100 tablet,sartis 100 tablet,sertin 100 tablet,sertagress 100mg tablet
sertawar cream,sertaspor cream,sertaspor cream,sertaspor cream
sibelium 10mg tablet,grenil-f 10 tablet,fine 10mg tablet,luna 10mg tablet
sii td-vac vaccine,,,
sildoo 4 capsule,siluri 4mg capsule,sidzox 4 capsule,silodova 4 capsule
silnafil 25mg tablet,optithik 25mg tablet,shefill tablet,ethic 25mg tablet
siphene -m tablet,enova 25mg tablet,clomisur 25mg tablet,fertova 25mg tablet
sizopin 200 tablet,clozabest 200mg tablet,syzodep 200 tablet,restopax 200mg tablet
skinn-c soap,clodin soap,,
skinshine cream,elosone-ht cream,twinkle cream,melabest cream
softee cream,elfate-lm rectal cream,anosum cream,pileclear s cream
soha 0.1% eye drop,vista ha eye drop,softvisc 0.1% lubricant eye drop,lupi-ha eye drop
solu-medrol 125mg injection,predzen 125mg injection,elopred 125mg injection,succimed 125mg injection
solvin cold ds syrup,zitocold syrup,nasycold plus syrup,zelfast-d syrup
solvin ls syrup,zerotuss xp syrup,capex ls syrup,broxum ls syrup
solvin-dx syrup raspberry sugar free,wytuss-dmr syrup mint sugar free,dcrocof-dx syrup sugar free,broxino-dx syrup sugar free
sonaxa nt 75mg/10mg tablet,neurica nt tablet,nervite tablet,nervilax nt 75mg/10mg tablet
sorbidiol 300 tablet,ursocad 300 tablet,fortibile 300 tablet,urdiogem 300 tablet
sovihep v tablet,resof total 400mg/100mg tablet,hepcvel tablet,myhep all tablet
spasmonil drop,topspas 10 mg/40 mg drop,spasmelan 10 mg/40 mg drop,spastone drop
spasmonil plus tablet,anglospas forte 10 mg/250 mg tablet,mefnic 10mg/250mg tablet,almefkem spas 10mg/250mg tablet
sporidex 100mg paediatric drops,,,
sporidex redimix suspension,,,
sporidex-cv 750 tablet er,,,
stafcure 250 tablet,zefu 250 tablet,cefakind 250 tablet,pulmocef 250 tablet
stalopam 10 tablet,s citadep 10 tablet,escigress 10 tablet,s-celepra 10 tablet
stancort 40mg injection,alcicort 40mg injection,trilon 40mg injection,troeit 40mg injection
stanlip 145mg tablet,finabate 145mg tablet,fibomine 145mg tablet,fenotor tablet
step-up oral drops,,,
step-up syrup,cadictin 2mg syrup,oycip syrup,cyprotreat 2mg syrup
stonark-5 ax solution,mavigain 5 solution,hairage pro solution,hairbless solution
sulpitac 200 tablet,amisant 200 tablet,fixride 200 tablet,sulvol 200mg tablet
sulpitac od 200mg tablet,zopride 200mg tablet,amisant 200 tablet,sulvol 200mg tablet
supatret c aqueous gel,,,
supiroban 2% ointment,topibact 2% ointment,mufect ointment,mucidal 2% ointment
supirocin cream,miprosub cream,mupizer 2% cream,mupitone 2% cream
susten 100 injection,ultigest 100mg/ml injection,gesterol 100mg/ml injection,propure 100 injection
swelinex gel,,,
swich cv 50 dry syrup,oxipod-cv dry syrup,macpod cv 50 powder for oral suspension,microcef-cv 50 dry syrup
synca eye drop,tregmon eye drop,brinzolast eye drop,brinzemic-b eye drop
sysfol plus tablet,ezee plus 10mg/10mg/2.5mg tablet,mitnate 10mg/10mg/2.5mg tablet,doxal plus 10mg/10mg/2.5mg tablet
sysron-ncr tablet,nortas cr tablet,norgyn-ncr 10mg tablet,suon 10mg tablet cr
tacromus 0.5 capsule,takfa 0.5 capsule,imunotac 0.5 capsule,olmis 0.5mg capsule
tacroren 1 capsule,grafnos 1 capsule,tacmus 1mg capsule,taclicept 1mg capsule
tacroz forte ointment,imograf forte ointment,tacvido forte ointment,eczrid forte ointment
tadact 20 tablet,tadovas 20mg tablet,bigfun 36 tablet,upwardz 20mg tablet
takfresh eye drop,just tears eye drop,misty eye drop,relub eye drop
talecalm 5mg tablet,trazine 5mg tablet,trinicalm 5mg tablet,dipicalm 5mg tablet
talsil forte suspension,,,
tamica-h 40 tablet,telozit h 40mg/12.5mg tablet,telmidax-h tablet,telvas h 40/12.5 tablet
tampil 0.4 capsule pr,monolosin capsule pr,tampil 0.4 capsule pr,alfatam 0.4mg capsule pr
tantum oral rinse,coolora mouth wash,maxtra gargle,oralixir mouth wash
targit-h 40/12.5mg tablet,telozit h 40mg/12.5mg tablet,telmidax-h tablet,telvas h 40/12.5 tablet
tasulin-d tablet er,flomax d 0.4mg/0.5mg tablet er,tamsufine-d tablet er,orijet d tablet er
taxim 250mg injection,sifotaxim 250mg injection,gencef 250mg injection,tox 250mg injection
taxim-o cv dry syrup,sefnix-cv dry syrup,lifix-cv oral suspension,axime cv oral suspension
tazar 4.5g injection,cadigard 4000 mg/500 mg injection,pisa 4000 mg/500 mg injection,tazomac 4.5gm injection
teczine tablet,lcz tablet,1-al tablet,hatric tablet
teglipt m 500mg/20mg tablet,tenespec m 500mg/20mg tablet,teninef-m 500mg/20mg tablet,tenewohn m 500mg/20mg tablet
telekast a tablet pr,,,
telekast-l tablet,montina-l tablet,lecope-m tablet,monticope tablet
telista mt 50 tablet sr,uzitel m 40mg/50mg tablet sr,,
telma 40 tablet,telmizem 40 tablet,telmizem 40 tablet,telmook 40mg tablet
telma-am tablet,macsart am tablet,telmikind-am tablet,telvas-am tablet
telma-beta 50 tablet er,telvas beta 50 tablet er,macsart beta 50 tablet er,arbitel-mt 50 tablet er
telma-ct 40/12.5 tablet,telmikind-ct 40 tablet,telvas-ct 40 tablet,lintel-ct 40 tablet
telma-ct 80/12.5 tablet,telminorm ch 80 mg/12.5 mg tablet,ngsart ch 80mg/12.5mg tablet,weltelmi ct 80mg/12.5mg tablet
telmijub 20 tablet,ezisartan 20mg tablet,telmikind 20 tablet,telmavas 20 tablet
telmijub am 80mg tablet,telvas-am 80/5 tablet,amlosafe tm 80 tablet,calchek-t 80 tablet
telmikind-amh tablet,telmikaa amh tablet,amlosafe 3d tablet,telvas 3d tablet
telmital 40 tablet,telmizem 40 tablet,telmizem 40 tablet,telmook 40mg tablet
telsar 40 tablet,telmizem 40 tablet,telmizem 40 tablet,telmook 40mg tablet
telsartan trio tablet,telmikaa amh tablet,amlosafe 3d tablet,telmikind-amh tablet
telsite 40mg tablet,telmizem 40 tablet,telmizem 40 tablet,telmook 40mg tablet
tenebite-m 20/500 tablet sr,glipti next m 500 tablet sr,gliptel-m tablet sr,tenaguard-m tablet sr
tenuvia tablet,dynaglipt tablet,tenlimac tablet,megagliptin tablet
teravir tablet,tenvir tablet,tenarica tablet,ricovir 300mg tablet
terefin cream,tifin cream,terbest cream,texifen cream
terozesta 2mg tablet,dinomac 2mg tablet,endobye tablet,endonok tablet
terphylate syrup,escopinbr 100 mg/2.5 mg/8 mg syrup,broncovin syrup,blockuf red 100mg/2.5mg/8mg syrup
texid-mf tablet,redotrex mf 500mg/250mg tablet,clip mf tablet,tranlok-m tablet
thalitel 40 tablet,telmikind-ct 40 tablet,telvas-ct 40 tablet,lintel-ct 40 tablet
thrize tablet,edinase  tablet,afdiflam tablet,jubiflam tablet
thyrotas 12.5 tablet,thyropax 12.5mcg tablet,thyrose 12.5mcg tablet,thyroquik 12.5mcg tablet
ticaspan tablet,xygrel 90 tablet,ticavic 90 tablet,ticaplat 90mg tablet
tide 10 tablet,torvel 10 tablet,tor 10 tablet,meltor 10 tablet
tigatel 20 tablet,ezisartan 20mg tablet,telmikind 20 tablet,telmavas 20 tablet
timanol 0.5% eye drop,timoriz 0.5% eye drop,timfin 0.5% eye drop,iotim eye drop
timebond dry syrup,favonix 100mg/5ml dry syrup,prodox 100mg/5ml dry syrup,caz fx 100mg/5ml dry syrup
timolet od bkc free eye drop,theot eye drop,timolet gfs 0.5% eye drop,
tinitraz 200 capsule,canditral 200 capsule,syntran 200 capsule,itromed 200 capsule
tobaflam eye drop,nebracin lp eye drop,vetob-lp eye drop,tobrawin lp eye drop
tobamist respules,,,
tobastar f eye drop,rebrex f eye drop,nebracin f eye drop,zentobf eye drop
tolkem sr 450 tablet,toltop-sr tablet,tolsone 450mg tablet sr,toperizone 450mg tablet sr
tolpa d tablet,diser tablet,lupisera d tablet,aldase-d 50mg/10mg tablet
tolpazen tablet,adtrypsin-a tablet,rutolin a tablet,val bm tablet
tolperitas-sr 450 tablet,toltop-sr tablet,tolsone 450mg tablet sr,toperizone 450mg tablet sr
tolvat 15 tablet,vaptan tablet,jusvap 15 tablet,tolvarise 15mg tablet
topcos 500 tablet,lamifin -forte tablet,fintrix 500 tablet,abinex 500 tablet
topinate gel,psoricort c gel,ranclob advanced adhesive gel,
topisal 6% lotion,closic-s lotion,nuvate-s6 lotion,clotinate-sl lotion
topnac 200mg tablet sr,kindac 200mg tablet sr,ultranac 200mg tablet sr,bignac 200mg tablet sr
topnac p tablet,apfide 100mg/325mg tablet,arflur-p tablet,zidnac-p tablet
torget 20 tablet,toraide 20mg tablet,torsilem 20mg tablet,orsamide 20mg tablet
torplat 60 tablet,tigemac 60mg tablet,ticavic 60 tablet,ticaplat 60mg tablet
torsid plus 20/50 tablet,davaindia spironolactone+torasemide 50mg/20mg tablet,dyloop plus 20 tablet,torsinex forte tablet
trajenta duo 2.5mg/1000mg tablet,,,
tranlok-m tablet,redotrex mf 500mg/250mg tablet,clip mf tablet,dubace tablet
tranostat injection,texakind 500mg injection,tranxi 500mg injection,clip injection
travatan ophthalmic solution,tprost 0.004% ophthalmic solution,t prost eye drop,travoprost eye drop
travo-z eye drop,travosun eye drop,travoflo eye drop bak free,travopure eye drop
trazonil 25 tablet,tragon 25mg tablet,trazolite 25mg tablet,zed 25mg tablet
trebor 0.025% cream,,,
trenaxa mf tablet,redotrex mf 500mg/250mg tablet,clip mf tablet,tranlok-m tablet
tretiva 40 capsule,isofeel 40 softgel capsule,,
trfy 250 tablet,terbinaforce tablet,terbest tablet,lamifin tablet
triben cn cream,,,
triben lotion,,,
triobimet 1mg/500mg/15mg tablet er,k-pio-gm 1mg tablet er,gpm -sr 1 tablet,glimcloud-mp 1 tablet er
trioptal 150 tablet,carbox 150 tablet,oxcarpine 150mg tablet,graox 150mg tablet
tritelsar 40 tablet,telx 3d 40/5/6.25 tablet,stamlo trio 40/6.25 tablet,telmed act 40 ls tablet
trunex ms aqueous gel,tronin ms gel,revize micro 0.04% gel,nexret t gel
tryptomer 50mg tablet,tryp 50mg tablet,latilin 50mg tablet,odep 50mg tablet
tuspel plus expectorant strawberry,,,
tusq-x plus expectorant,tudex am expectorant,zyrex expectorant,tusbex expectorant
twinblok trio tablet er,,,
tyrodin cream,depiluk cream,nucell-tx cream,glu-cell cream
u-b fair cream,eukroma fc cream,melalong plus cream,combilite cream
ubicar tablet,qc gen 30mg/500mg tablet,nutrihale tablet,
udcoliv 300 tablet,fortibile 300 tablet,urdiogem 300 tablet,sorbidiol 300 tablet
udp-at tablet,amlip at tablet,amlovas-at tablet,amdepin-at tablet
ulgel tablet saunf,megagel 400mg/20mg tablet,xylanta 400 mg/20 mg tablet,ulgel tablet
ultituss oral suspension,coff-tuss oral suspension mango,zerotuss oral suspension sugar free,lecofil lc oral suspension delicious mango
unicalcin 100iu injection,calcito s 100iu injection,,
urimax f capsule mr,,,
urinet 200mg tablet,voxadol 200mg tablet,urikind tablet,ut friend 200mg tablet
uritin-d tablet mr,dutalosin tablet mr,trutex-d tablet mr,contimax d 0.4mg/0.5mg tablet mr
ursocol 300 tablet,fortibile 300 tablet,urdiogem 300 tablet,sorbidiol 300 tablet
utreva vaginal gel,gestone 8% vaginal gel,susten 8% gel,naturogest 8% vaginal gel
v 2 plus tablet,zeldinac-sp tablet,datio plus 50mg/325mg/10mg tablet,restflam-sp tablet
v druf lotion,af-k lotion,konaz zp lotion,nuforce anti dandruff lotion
valance oral solution,dicorate solution,divaa 250 solution,
valgress -cr 500 tablet,torvate chrono 500 tablet cr,valprid cr 500 tablet,valtec cr 500 tablet
valprid cr 500 tablet,torvate chrono 500 tablet cr,valtec cr 500 tablet,epizeal 333mg/145mg tablet cr
valtec cr 300 tablet,valrate cr 300 tablet,torvate chrono 300 tablet cr,encorate chrono 300 tablet cr
varenya cream,,,
varimax 10 tablet,edafil 10 tablet,,
vaxirab n 2.5iu injection,zoonovac 2.5iu injection,indirab 2.5iu injection,verorab antirabies vaccine
veenat 100 capsule,chemotinib 100mg capsule,imatib a 100mg capsule,imanib 100mg capsule
venlor-xr 75 capsule,venlift od 75 capsule pr,veniz xr 75 capsule,
ventab xl 75 tablet pr,erivan-er 75 tablet,depravan er 75 tablet tablet pr,
vernace tablet,k tor 500mg tablet,carniglo 500mg tablet,carnisurge tablet
vetory sp tablet,ibugesic asp tablet,acemiz-s tablet,dolokind aa tablet
vil-g tablet,vildanat tablet,vilatin tablet,glipy tablet
vilpower 50 tablet,vilatin tablet,glipy tablet,vildamac 50 tablet
vinglyn m 500 tablet,zukanorm m 500 tablet,vidaglo-m 50/500 tablet,vilumet 500mg/50mg tablet
vinicor-am 50/5 tablet pr,betaprime am 5mg/50mg tablet pr,protol-am tablet pr,amlodac m tablet pr
virolfi 450mg tablet,vagacyte 450mg tablet,cmvigone 450 tablet,valcip tablet
viscodyne-d syrup,lastuss-d syrup,pulomrest d syrup,ambrodil-d syrup sugar free
vitaresp fx 180 tablet,fexomeg m 10mg/180mg tablet,glenfine m 10mg/180mg tablet,mtlev f 10mg/180mg tablet
voglibite 0.3 tablet md,megavog 0.3 tablet md,voglinita 0.3mg tablet md,voglitab md 0.3 tablet
voglimet-gm tablet sr,voglibite-gm 2 tablet sr,glyciphage-vg2 tablet sr,amaryl mv 2mg tablet sr
voglinorm gm forte 2 tablet sr,glimisave mv2 forte tablet sr,vogloyd 3d forte 2mg/1000mg/0.3mg tablet sr,gamaryl-vm forte tablet sr
voglitab 0.2 tablet,voglibite 0.2 tablet,vogliboz 0.2 tablet,ppg 0.2 tablet
voglitor mf 0.3 tablet,prandial m 0.3 tablet,vogliplay m 500mg/0.3mg tablet,vogloyd m 500mg/0.3mg tablet
vogo-m 0.3 tablet,prandial m 0.3 tablet,vogliplay m 500mg/0.3mg tablet,vogloyd m 500mg/0.3mg tablet
vomilast -od tablet,dopfol-od tablet,sysfol-nvp tablet,nausipil 20mg/20mg/5mg tablet
vozet tablet,lcz tablet,1-al tablet,hatric tablet
vsl 3 capsule,,,
welset cold tablet,bio cc 5mg/325mg/10mg tablet,ns cold 5mg/325mg/10mg tablet,cheston cold tablet
wet-comod eye drop,,,
wincold z tablet,snowzy cold tablet,pcp forte 5mg/325mg/5mg tablet,ban cold 5mg/325mg/5mg tablet
wokadine gargle,ioprep solution,wetadine 1 mouth spray mint,ioprep solution
wokadine m cream,sanpodin cream,emdon cream,nesdon-m cream
womazol tablet,femistra tablet,anastronat 1mg tablet,femitraz tablet
xanilax sr 200 tablet,uliphyalline 200 sr tablet,asmasafe 200mg tablet sr,acethama 200 sr tablet
xbaren 450 tablet sr,oxaev 450 tablet sr,oxnig -xr 450 tablet,zenoxa od 450 tablet sr
xerofung 100 capsule,canditral 100 capsule,syntran capsule,canzap 100 capsule
xerofung 200 capsule,candiforce 200 capsule,canditral 200 capsule,syntran 200 capsule
xgeva solution for injection,,,
xilia-m 1 tablet pr,metride 1 tablet pr,diapride m1 tablet pr,glycomet-gp 1 tablet pr
xilia-mp 2 tablet,diabeset pm 2mg/500mg/15mg tablet,krona 2mg/500mg/15mg tablet,debout g 2mg/500mg/15mg tablet
xmet 250 tablet,d met 250mg tablet,diafer 250mg tablet,bigomet 250 tablet
xpect-b expectorant mixed fruit sugar free,,,
xstan 20mg tablet,telmikind 20 tablet,inditel 20 tablet,telma 20 tablet
xylone adult nasal spray,xyloson adult nasal drops/spray,ezinoz-xm nasal solution,wisel 0.1% nasal solution
zady readymix oral suspension,azigo 100mg oral suspension,zithrodol 100 oral suspension,aziwin 100mg oral suspension
zatura 250 tablet,azikem 250mg tablet,fitzee 250 tablet,azax 250 tablet
zedruff shampoo,ketoscalp shampoo from leeford for antifungal infections,z-ketocare shampoo,danclear  shampoo
zefretol 400 tablet,normictal 400mg tablet,eslify 400mg tablet,eslizen 400mg tablet
zefu-cv 250 tablet,meritum cv 250mg/62.5mg tablet,cefuxime-cv 250mg/62.5mg tablet,bactilam 250mg/62.5mg tablet
zelgor 250mg tablet,xbira 250mg tablet,zecyte 250mg tablet,mytera 250 tablet
zenflox-plus 100 tablet,cefo plus 100 mg/100 mg tablet,hifen plus 100 mg/100 mg tablet,elfi o 100 mg/100 mg tablet
zenoxa 600 tablet,boxital 600mg tablet,medeptal 600mg tablet,arazap 600mg tablet
zenoxa od 900 tablet sr,oleptal od 900 tablet sr,,
zeptin 20mg tablet,dynaglipt tablet,tenlimac tablet,megagliptin tablet
zilast 100 tablet,cletus 100mg tablet,cistaz 100mg tablet,cilobid 100mg tablet
zincoderm-s ointment,,,
zipac 20mg soft gelatin capsule,zenitoin 20 soft gelatin capsule,resoten 20 capsule,isoshed 20mg soft gelatin capsule
zipant 40 tablet,topp 40 tablet,panplus 40 tablet,pancare 40mg tablet
zisper plus tablet,regrace plus 3 mg/2 mg tablet,psyorid plus 3 mg/2 mg tablet,riscure plus 3mg/2mg tablet
zithrocin 500mg tablet,zady 500 tablet,trulimax 500mg tablet,azifast 500 tablet
zithrokem 250mg tablet,azikem 250mg tablet,fitzee 250 tablet,azax 250 tablet
zocef-cv 250 tablet,cefakind-cv 250 tablet,cefbet cv tablet,furaget cv 250mg/125mg tablet
zoclar 500mg tablet,clarigard  500 tablet,clarinova 500 tablet,monoclar 500 tablet
zocon 150 tablet,luzo 150mg tablet,flunoid 150mg tablet,angloflu 150mg tablet
zofer 2mg oral solution,denver oral solution,dioset syrup,emron oral solution
zole-it 100 capsule,canditral 100 capsule,syntran capsule,itrafree 100mg capsule
zomelis 50mg tablet,vildambic 50mg tablet,vildanat tablet,vilatin tablet
zomet 500mg tablet,insumet 500mg tablet,okamet 500 tablet,bigomet 500 tablet
zomet sr tablet,metlong 500 tablet sr,bigomet sr 500 tablet,metsmall 500 tablet sr
zonisep 25 capsule,zonimid 25 capsule,,
zoster 800 tablet,axovir 800mg tablet,acivex 800mg tablet,rivol 800mg tablet
zotide injection,tricium pth injection,terifrac injection,bonspark injection
zoxan 500 tablet,cadiwin 500mg tablet,cipdec 500mg tablet,wocipflo 500mg tablet
zucapride-m 500 tablet sr,dapatimi m 10mg/500mg tablet sr,dexiglu m 10 tablet sr,glifovance m 10mg/500mg tablet sr
zulu at 4 tablet,neorelax a 4mg tablet,doltwin 100mg/4mg tablet,thioquest a 100 mg/4 mg tablet
zupion -sr tablet,buproban 150mg tablet er,buprod 150mg tablet er,buropin xl 150mg tablet
zy-q 300 tablet,dxq 300 tablet,had q 300mg tablet,oxcq 300 tablet
zybend tablet,zeebee tablet,albekem 400mg tablet,sezole 400mg tablet
zyloric tablet,ryloric 100mg tablet,zyrik 100 tablet,zyle 100 tablet
zyluli 1% cream,lulibet cream,luly cream,lumycan cream
zyrcold tablet,taurcet a 5 mg/60 mg tablet,alfree plus 5mg/60mg tablet,intazin am 5 mg/60 mg tablet
zyrova 10 tablet,crestovas 10mg tablet,jupistat 10mg tablet,lipirose 10 tablet
